Timestamp,A1,A2,C1,C2,B1,B2,D1,D2
2024-01-09 14:07:49.964482,inf,0.2770799398422241,0.49451443552970886,0.5193253755569458,0.8559679985046387,inf,0.5198376774787903,0.4944208264350891
2024-01-09 14:07:50.041473,inf,0.2770801782608032,0.4949169158935547,0.5196053385734558,0.8575980067253113,inf,0.5199925899505615,0.49564579129219055
2024-01-09 14:07:50.114792,inf,0.2770850658416748,0.4952911138534546,0.5198354721069336,0.8584182858467102,inf,0.5203472375869751,0.49582114815711975
2024-01-09 14:07:50.187717,inf,0.27708184719085693,0.49586817622184753,0.520068347454071,0.8591774106025696,inf,0.520457923412323,0.49602365493774414
2024-01-09 14:07:50.251027,inf,0.2770821452140808,0.4960894286632538,0.5201718807220459,0.8595977425575256,inf,0.520602822303772,0.49640655517578125
2024-01-09 14:07:50.320061,inf,0.27708593010902405,0.49626782536506653,0.5202816128730774,0.8599856495857239,inf,0.5208293795585632,0.49659982323646545
2024-01-09 14:07:50.387430,inf,0.2770995795726776,0.4967837929725647,0.520713746547699,0.8606756925582886,inf,0.5210686326026917,0.4972173571586609
2024-01-09 14:07:50.456834,inf,0.27709999680519104,0.4974742531776428,0.5211044549942017,0.8628867268562317,inf,0.5222886204719543,0.497994065284729
2024-01-09 14:07:50.516922,inf,0.2770858407020569,0.4982234537601471,0.5215671062469482,0.863330602645874,inf,0.5223908424377441,0.49818259477615356
2024-01-09 14:07:50.579477,inf,0.27710026502609253,0.49856022000312805,0.5218669772148132,0.8636738657951355,inf,0.5224950313568115,0.4983503222465515
2024-01-09 14:07:50.642719,inf,0.2770840525627136,0.49874401092529297,0.5222861766815186,0.864019513130188,inf,0.5227108597755432,0.4986981451511383
2024-01-09 14:07:50.718524,inf,0.2770833671092987,0.49889683723449707,0.5223760008811951,0.8643973469734192,inf,0.5228371620178223,0.49887073040008545
2024-01-09 14:07:50.788235,inf,0.27708756923675537,0.4992942810058594,0.5224883556365967,0.8658715486526489,inf,0.5230459570884705,0.49957525730133057
2024-01-09 14:07:50.860720,inf,0.2770879566669464,0.49944159388542175,0.5225771069526672,0.8662217855453491,inf,0.5231680274009705,0.49976232647895813
2024-01-09 14:07:50.931873,inf,0.27708807587623596,0.5000839233398438,0.5226705074310303,0.8675269484519958,inf,0.5236762166023254,0.4998968839645386
2024-01-09 14:07:51.008215,inf,0.27708521485328674,0.5005969405174255,0.5227532386779785,0.8683152794837952,inf,0.5239877700805664,0.5005755424499512
2024-01-09 14:07:51.081824,inf,0.27710163593292236,0.5009207725524902,0.5229641795158386,0.8689547181129456,inf,0.524099588394165,0.5008913278579712
2024-01-09 14:07:51.155517,inf,0.27708539366722107,0.5011454820632935,0.5232551097869873,0.870936393737793,inf,0.5243145823478699,0.5014446377754211
2024-01-09 14:07:51.224040,inf,0.2771025598049164,0.5014899969100952,0.5236770510673523,0.8721613883972168,inf,0.5244290828704834,0.5021663308143616
2024-01-09 14:07:51.294489,inf,0.27710217237472534,0.5016710162162781,0.5237749814987183,0.8725511431694031,inf,0.5245435237884521,0.5023931264877319
2024-01-09 14:07:51.364374,inf,0.27708661556243896,0.5018293261528015,0.5238939523696899,0.8734769821166992,inf,0.5247952342033386,0.5025562644004822
2024-01-09 14:07:51.428628,inf,0.2771034240722656,0.5022712349891663,0.5240278244018555,0.8738040924072266,inf,0.524906575679779,0.5028495788574219
2024-01-09 14:07:51.492438,inf,0.27709123492240906,0.5024324059486389,0.5242961049079895,0.874163806438446,inf,0.5250829458236694,0.5034785866737366
2024-01-09 14:07:51.560148,inf,0.27710404992103577,0.5033506751060486,0.5243826508522034,0.8748723864555359,inf,0.5251772999763489,0.5036560893058777
2024-01-09 14:07:51.634302,inf,0.2770880162715912,0.5040897727012634,0.5245723724365234,0.8752275109291077,inf,0.5252749919891357,0.5039370059967041
2024-01-09 14:07:51.704394,inf,0.2770882248878479,0.5043443441390991,0.5246570706367493,0.8756291270256042,inf,0.5255841016769409,0.5044295191764832
2024-01-09 14:07:51.765508,inf,0.2770926058292389,0.5045156478881836,0.5248703956604004,0.8758307099342346,inf,0.5256915092468262,0.5045869946479797
2024-01-09 14:07:51.846146,inf,0.2770901322364807,0.5051270723342896,0.5249688625335693,0.8763537406921387,inf,0.5259858965873718,0.5049044489860535
2024-01-09 14:07:51.915287,inf,0.27710527181625366,0.5057838559150696,0.5254437923431396,0.8773019313812256,inf,0.5263990163803101,0.5050057172775269
2024-01-09 14:07:51.985904,inf,0.2771053910255432,0.5059061050415039,0.5259837508201599,0.8786359429359436,inf,0.526461660861969,0.5051857829093933
2024-01-09 14:07:52.054546,inf,0.2770916521549225,0.5060779452323914,0.5261580348014832,0.8799569606781006,inf,0.526573121547699,0.505333423614502
2024-01-09 14:07:52.138147,inf,0.2770909368991852,0.5062233805656433,0.5263373255729675,0.8810001015663147,inf,0.5267794132232666,0.5054911971092224
2024-01-09 14:07:52.212718,inf,0.27709197998046875,0.5063989758491516,0.5267860889434814,0.8820764422416687,inf,0.5272517204284668,0.5057809948921204
2024-01-09 14:07:52.299246,inf,0.277092307806015,0.5065677165985107,0.5269822478294373,0.8823109269142151,inf,0.5275669097900391,0.5058962106704712
2024-01-09 14:07:52.371159,inf,0.27710679173469543,0.507002592086792,0.5271623134613037,0.8830016851425171,inf,0.5277243256568909,0.5066999793052673
2024-01-09 14:07:52.435394,inf,0.277091920375824,0.5073322653770447,0.5272358655929565,0.8839945793151855,inf,0.5279374122619629,0.5068252682685852
2024-01-09 14:07:52.496043,inf,0.27709251642227173,0.507765531539917,0.5274097323417664,0.8846091032028198,inf,0.5280371904373169,0.5069417953491211
2024-01-09 14:07:52.571050,inf,0.2770935297012329,0.5080567002296448,0.5278012156486511,0.8849862217903137,inf,0.5282070636749268,0.5070967078208923
2024-01-09 14:07:52.636983,inf,0.27710774540901184,0.5082394480705261,0.5279677510261536,0.8870251178741455,inf,0.5283967852592468,0.5072640180587769
2024-01-09 14:07:52.700925,inf,0.27709710597991943,0.5084220767021179,0.5280548334121704,0.8873810768127441,inf,0.5284971594810486,0.5074195265769958
2024-01-09 14:07:52.765928,inf,0.27709317207336426,0.5085880160331726,0.5283216238021851,0.8879941701889038,inf,0.5286149978637695,0.5075460076332092
2024-01-09 14:07:52.833032,inf,0.27710825204849243,0.5087351202964783,0.5284154415130615,0.8883805871009827,inf,0.5287073254585266,0.5076766610145569
2024-01-09 14:07:52.901711,inf,0.27710795402526855,0.5088622570037842,0.5284757018089294,0.8892847895622253,inf,0.529071569442749,0.508150577545166
2024-01-09 14:07:52.972890,inf,0.2770938575267792,0.5094866752624512,0.5286527276039124,0.8901767134666443,inf,0.5295211672782898,0.5087364315986633
2024-01-09 14:07:53.045495,inf,0.27709895372390747,0.5096220970153809,0.5287234783172607,0.8913941979408264,inf,0.5297005772590637,0.5093255639076233
2024-01-09 14:07:53.127692,inf,0.2770980894565582,0.5097850561141968,0.5288125872612,0.8911679983139038,inf,0.529938817024231,0.5097219347953796
2024-01-09 14:07:53.190293,inf,0.27709949016571045,0.5100507736206055,0.5288823246955872,0.8911585211753845,inf,0.530040979385376,0.5100059509277344
2024-01-09 14:07:53.262415,inf,0.2771095633506775,0.5101894736289978,0.5289790034294128,0.8898935914039612,inf,0.5301988124847412,0.5101152062416077
2024-01-09 14:07:53.326340,inf,0.27709972858428955,0.5103068947792053,0.5291290879249573,0.8880695700645447,inf,0.5302904844284058,0.5102593302726746
2024-01-09 14:07:53.398624,inf,0.2770994007587433,0.5104596614837646,0.5292146801948547,0.8839783668518066,inf,0.5302441716194153,0.5103757381439209
2024-01-09 14:07:53.456400,inf,0.27709653973579407,0.5107255578041077,0.5287708640098572,0.8787389993667603,inf,0.5300945043563843,0.5107823014259338
2024-01-09 14:07:53.517422,inf,0.2770960330963135,0.5108901262283325,0.5286349058151245,0.872401237487793,inf,0.5297407507896423,0.5109221935272217
2024-01-09 14:07:53.586581,inf,0.27710068225860596,0.5110141634941101,0.5271510481834412,0.8622903227806091,inf,0.529733419418335,0.5109632611274719
2024-01-09 14:07:53.654390,inf,0.2771103084087372,0.5112161636352539,0.5266895294189453,0.8574302792549133,inf,0.5291109085083008,0.5109158754348755
2024-01-09 14:07:53.716933,inf,0.27709659934043884,0.511199414730072,0.5242756605148315,0.7916097044944763,inf,0.5276065468788147,0.5094208121299744
2024-01-09 14:07:53.788356,inf,0.27711057662963867,0.5111642479896545,0.5219680666923523,0.7867690324783325,inf,0.5260960459709167,0.5089689493179321
2024-01-09 14:07:53.849051,inf,0.2770979702472687,0.5110841989517212,0.51674884557724,0.5382354259490967,inf,0.524910569190979,0.5068387985229492
2024-01-09 14:07:53.916341,inf,0.2771168649196625,0.5102426409721375,0.5145487785339355,0.529159665107727,inf,0.5199661254882812,0.5021752119064331
2024-01-09 14:07:53.972174,inf,0.27714788913726807,0.5095847845077515,0.5133699178695679,0.5268759727478027,inf,0.5176817774772644,0.5000020861625671
2024-01-09 14:07:54.048190,inf,0.2772662937641144,0.5060667395591736,0.5102915167808533,0.5159825682640076,inf,0.5033811926841736,0.49612149596214294
2024-01-09 14:07:54.120828,inf,0.2773919999599457,0.49194833636283875,0.507425844669342,0.4853442311286926,inf,0.5005677342414856,0.49337056279182434
2024-01-09 14:07:54.179605,inf,0.2775283455848694,0.4903405010700226,0.5054176449775696,0.47817033529281616,inf,0.4969661831855774,0.4829827547073364
2024-01-09 14:07:54.259189,1.564409613609314,0.2777092754840851,0.48741084337234497,0.482785165309906,0.46732795238494873,inf,0.4790794551372528,0.46543118357658386
2024-01-09 14:07:54.322152,1.5305209159851074,0.277837872505188,0.4747105836868286,0.47841960191726685,0.46539822220802307,inf,0.4753531217575073,0.4574330449104309
2024-01-09 14:07:54.379725,1.4432263374328613,0.277948796749115,0.4708070456981659,0.4710961878299713,0.4628957211971283,inf,0.4631974697113037,0.44517308473587036
2024-01-09 14:07:54.437785,1.397200345993042,0.2780486047267914,0.46293193101882935,0.46729961037635803,0.46315667033195496,inf,0.45906519889831543,0.44071316719055176
2024-01-09 14:07:54.505756,1.2835578918457031,0.2780987620353699,0.4553615152835846,0.46257925033569336,0.4611161947250366,inf,0.44965511560440063,0.41966694593429565
2024-01-09 14:07:54.563761,1.2560923099517822,0.27822425961494446,0.4507671296596527,0.45937231183052063,0.4586297869682312,inf,0.4442395865917206,0.4136737287044525
2024-01-09 14:07:54.625537,0.8543024063110352,0.27832865715026855,0.4463360011577606,0.4552890360355377,0.458248496055603,inf,0.43912237882614136,0.39103934168815613
2024-01-09 14:07:54.686604,0.8022117614746094,0.27869105339050293,0.4260985255241394,0.4438323378562927,0.453817218542099,inf,0.4074685573577881,0.37943726778030396
2024-01-09 14:07:54.757557,0.6081146001815796,0.28068676590919495,0.41587918996810913,0.43915608525276184,0.46256569027900696,inf,0.40130680799484253,0.37137919664382935
2024-01-09 14:07:54.836536,0.6068363189697266,0.2804408669471741,0.40406176447868347,0.4179293215274811,0.47873455286026,inf,0.37209299206733704,0.355559766292572
2024-01-09 14:07:54.896080,0.6048452854156494,0.28141820430755615,0.39304059743881226,0.3949342668056488,0.48247194290161133,inf,0.3675309717655182,0.34114301204681396
2024-01-09 14:07:54.960510,0.6014182567596436,0.28223079442977905,0.3872773349285126,0.3780340254306793,0.5431205630302429,inf,0.3580814599990845,0.33693552017211914
2024-01-09 14:07:55.023846,0.5873754620552063,0.28229430317878723,0.3811788558959961,0.37216684222221375,0.5417143702507019,inf,0.3537827730178833,0.31797292828559875
2024-01-09 14:07:55.084596,0.5834464430809021,1.5280930995941162,0.37519335746765137,0.3681687116622925,0.5398571491241455,inf,0.349372535943985,0.31542930006980896
2024-01-09 14:07:55.157828,0.5785219669342041,1.387255311012268,0.36301735043525696,0.3581773340702057,0.5369006395339966,inf,0.3466559648513794,0.3086667060852051
2024-01-09 14:07:55.228067,0.5685321688652039,1.2779217958450317,0.3378978371620178,0.3540063500404358,0.5326006412506104,inf,0.34337252378463745,0.3071999251842499
2024-01-09 14:07:55.287251,0.5655727982521057,1.244553565979004,0.334392786026001,0.34961608052253723,0.5322633385658264,inf,0.3394906520843506,0.3057449460029602
2024-01-09 14:07:55.358081,0.5603741407394409,1.2187690734863281,0.32520490884780884,0.34701263904571533,0.5312963128089905,inf,0.3321438431739807,0.3034684658050537
2024-01-09 14:07:55.415115,0.5571162104606628,1.1799852848052979,0.3217889666557312,0.3392465114593506,0.5308114886283875,inf,0.328943133354187,0.30252957344055176
2024-01-09 14:07:55.481935,0.5543753504753113,1.1479040384292603,0.31199273467063904,0.33176830410957336,0.53033047914505,inf,0.32478323578834534,0.30072900652885437
2024-01-09 14:07:55.549353,0.5502336621284485,1.1208860874176025,0.31083399057388306,0.3284509479999542,0.5300344228744507,inf,0.3238297998905182,0.29993170499801636
2024-01-09 14:07:55.612697,0.5496816039085388,1.094821572303772,0.3076401948928833,0.3262505829334259,0.5299128293991089,inf,0.32142770290374756,0.29959946870803833
2024-01-09 14:07:55.682943,0.5435565114021301,1.0581809282302856,0.30298110842704773,0.32448577880859375,0.5300256013870239,1.8368762731552124,0.31464821100234985,0.29938578605651855
2024-01-09 14:07:55.735219,0.5438649654388428,1.0338420867919922,0.30192551016807556,0.3231835961341858,0.5301411151885986,1.8018457889556885,0.31373822689056396,0.299601286649704
2024-01-09 14:07:55.796145,0.5441792607307434,1.012732982635498,0.3000139594078064,0.31909534335136414,0.5305789113044739,1.6757134199142456,0.31272092461586,0.300179660320282
2024-01-09 14:07:55.859637,0.5453068614006042,0.9940255880355835,0.2990548014640808,0.31761428713798523,0.5310669541358948,1.5583416223526,0.3114141821861267,0.30077478289604187
2024-01-09 14:07:55.927359,0.5465791821479797,0.9698006510734558,0.2998698353767395,0.315209299325943,0.531223714351654,1.491400957107544,0.3113405704498291,0.30101481080055237
2024-01-09 14:07:55.997761,0.5467321872711182,0.9342395663261414,0.30104464292526245,0.3131406009197235,0.5313533544540405,1.47789466381073,0.31134742498397827,0.3014320731163025
2024-01-09 14:07:56.068838,0.5468561053276062,0.8650352358818054,0.3015540540218353,0.31208422780036926,0.5314450860023499,1.4652000665664673,0.3116022050380707,0.3017697036266327
2024-01-09 14:07:56.126790,0.5469931364059448,0.8545453548431396,0.3017793893814087,0.3118133544921875,0.5315400958061218,1.4614771604537964,0.3117627501487732,0.30188626050949097
2024-01-09 14:07:56.188633,0.5471065640449524,0.8476405143737793,0.3019408583641052,0.31102481484413147,0.5316902995109558,1.4616875648498535,0.3119155168533325,0.30209964513778687
2024-01-09 14:07:56.243681,0.5471977591514587,0.8387723565101624,0.3024647533893585,0.3106907606124878,0.5318945050239563,1.4631363153457642,0.3121064007282257,0.3021855354309082
2024-01-09 14:07:56.308733,0.5472884774208069,0.8217663764953613,0.3025662302970886,0.3106977641582489,0.5319381952285767,1.46635901927948,0.31247061491012573,0.3022611737251282
2024-01-09 14:07:56.372669,0.5475795865058899,0.8166086673736572,0.3026503920555115,0.31114262342453003,0.5319768786430359,1.4682855606079102,0.31252384185791016,0.30240175127983093
2024-01-09 14:07:56.442394,0.5478171110153198,0.8124346733093262,0.30301403999328613,0.31131210923194885,0.5320930480957031,1.4703245162963867,0.31292077898979187,0.3024619519710541
2024-01-09 14:07:56.503835,0.5498549938201904,0.8081950545310974,0.3032405376434326,0.31152579188346863,0.532192051410675,1.4722874164581299,0.31369712948799133,0.30263543128967285
2024-01-09 14:07:56.563636,0.5513177514076233,0.8047050833702087,0.30350831151008606,0.3116905987262726,0.5324530601501465,1.4739148616790771,0.31376197934150696,0.30297672748565674
2024-01-09 14:07:56.633720,0.5528258681297302,0.8005269169807434,0.3049584627151489,0.3122677505016327,0.5336613059043884,1.475667953491211,0.3139645755290985,0.3033674359321594
2024-01-09 14:07:56.697001,0.5563121438026428,0.7973238825798035,0.30591896176338196,0.312407523393631,0.5343918204307556,1.4771201610565186,0.31413230299949646,0.30404025316238403
2024-01-09 14:07:56.776054,0.558661937713623,0.7910041213035583,0.3077022433280945,0.3126421272754669,0.5371782183647156,1.4802358150482178,0.3148221969604492,0.304798424243927
2024-01-09 14:07:56.837512,0.5688889622688293,0.7895736694335938,0.31058359146118164,0.3127300441265106,0.537937343120575,1.480966329574585,0.31538277864456177,0.3057866096496582
2024-01-09 14:07:56.908772,0.5733209848403931,0.7883690595626831,0.3117762804031372,0.31279927492141724,0.5392522811889648,1.481656551361084,0.31628987193107605,0.3066955506801605
2024-01-09 14:07:56.967167,0.5753604173660278,0.7878904342651367,0.31730586290359497,0.31304100155830383,0.48581764101982117,1.482926368713379,0.3185352385044098,0.3091849684715271
2024-01-09 14:07:57.034214,0.5869404077529907,0.7885260581970215,0.32237979769706726,0.3138270378112793,0.48047640919685364,1.5096487998962402,0.32095178961753845,0.3320198357105255
2024-01-09 14:07:57.103854,0.5909525156021118,0.7897719144821167,0.3250114619731903,0.31659597158432007,0.4722936153411865,1.5296846628189087,0.32404711842536926,0.3404654562473297
2024-01-09 14:07:57.165765,0.5986285209655762,0.7908499240875244,0.3314969837665558,0.3188231289386749,0.46673598885536194,1.54169499874115,0.3259222209453583,0.34394869208335876
2024-01-09 14:07:57.236308,0.6035431623458862,0.7912454605102539,0.3430057466030121,0.3229696750640869,0.4588852822780609,1.5620933771133423,0.3267551362514496,0.3473239839076996
2024-01-09 14:07:57.296398,0.6051384806632996,0.7926367521286011,0.359711617231369,0.32843998074531555,0.4594971537590027,1.5753921270370483,0.32940229773521423,0.3517061769962311
2024-01-09 14:07:57.359457,0.6102749705314636,0.7932694554328918,0.36455783247947693,0.3338865041732788,0.46169620752334595,1.7019588947296143,0.3350614905357361,0.37490755319595337
2024-01-09 14:07:57.417850,0.6129136085510254,0.79360032081604,0.369282603263855,0.3363676965236664,0.46433594822883606,1.7667418718338013,0.3405891954898834,0.38655734062194824
2024-01-09 14:07:57.482132,0.6132035255432129,0.7937224507331848,0.37387481331825256,0.3393664062023163,0.46541133522987366,1.8163881301879883,0.343863844871521,0.39191585779190063
2024-01-09 14:07:57.542914,0.6147962212562561,0.7939580678939819,0.3846290111541748,0.34273800253868103,0.4687100946903229,1.927294373512268,0.3519897162914276,0.4038997292518616
2024-01-09 14:07:57.609012,0.7730638384819031,0.7945588827133179,0.3906272351741791,0.34673449397087097,0.4712119996547699,inf,0.3552701771259308,0.44448772072792053
2024-01-09 14:07:57.672697,0.7955601811408997,0.8128284215927124,0.39674776792526245,0.3536933958530426,0.47781527042388916,inf,0.3999103009700775,0.4557682275772095
2024-01-09 14:07:57.748307,0.8803542852401733,0.8181743621826172,0.42125946283340454,0.3650296628475189,0.5113921165466309,inf,0.4056505560874939,0.46047765016555786
2024-01-09 14:07:57.816139,1.3053590059280396,0.8330816030502319,0.43820685148239136,0.37805745005607605,0.5283663272857666,inf,0.42821264266967773,0.4643894135951996
2024-01-09 14:07:57.877552,1.446054220199585,0.8544835448265076,0.44351017475128174,0.38297736644744873,0.534396231174469,inf,0.4332823157310486,0.4687170088291168
2024-01-09 14:07:57.943169,1.4805551767349243,0.8649112582206726,0.44991111755371094,0.38723471760749817,0.543765127658844,inf,0.43884700536727905,0.47458213567733765
2024-01-09 14:07:58.016834,1.6744279861450195,0.8828157782554626,0.46427789330482483,0.397664338350296,0.7771121859550476,inf,0.4495752155780792,0.4824519753456116
2024-01-09 14:07:58.085112,1.7457482814788818,0.909639835357666,0.46825483441352844,0.4038333296775818,0.7957669496536255,inf,0.4805540144443512,0.4934902489185333
2024-01-09 14:07:58.152110,1.8104270696640015,0.923114001750946,0.4734511971473694,0.4098421037197113,0.804610013961792,inf,0.4883493483066559,0.5018988251686096
2024-01-09 14:07:58.220421,1.856722116470337,0.9458613991737366,0.47832101583480835,0.4147334694862366,0.8151693344116211,inf,0.5012038350105286,0.5091741681098938
2024-01-09 14:07:58.295164,inf,0.9641789197921753,0.48599332571029663,0.42078229784965515,0.8398252129554749,inf,0.5036153197288513,0.5106400847434998
2024-01-09 14:07:58.366450,inf,0.9848100543022156,0.48986923694610596,0.4264485836029053,0.8473548889160156,inf,0.5075399875640869,0.5128587484359741
2024-01-09 14:07:58.433862,inf,1.0020618438720703,0.5014876127243042,0.4314934015274048,0.8638224005699158,inf,0.5106917023658752,0.5152424573898315
2024-01-09 14:07:58.503080,inf,1.018708348274231,0.5039671063423157,0.4366219937801361,0.8714871406555176,inf,0.5122779011726379,0.5177088379859924
2024-01-09 14:07:58.582698,inf,1.0903440713882446,0.5110952854156494,0.4540332555770874,0.9003845453262329,inf,0.5160604119300842,0.5286990404129028
2024-01-09 14:07:58.654412,inf,1.115800380706787,0.5135144591331482,0.45927274227142334,0.9075359106063843,inf,0.5207414031028748,0.5294721126556396
2024-01-09 14:07:58.719021,inf,1.1477465629577637,0.5174134373664856,0.46796634793281555,0.9133380651473999,inf,0.5259312391281128,0.5309441089630127
2024-01-09 14:07:58.789540,inf,1.2073901891708374,0.5237011909484863,0.3610403537750244,0.9224077463150024,inf,0.5286569595336914,0.531074047088623
2024-01-09 14:07:58.845765,inf,1.2488478422164917,0.5253671407699585,0.3607485294342041,0.926270067691803,inf,0.5304248332977295,0.530979335308075
2024-01-09 14:07:58.918307,inf,1.308608889579773,0.5286685228347778,0.36112669110298157,0.9321153163909912,inf,0.5341053009033203,0.5308525562286377
2024-01-09 14:07:58.984839,inf,1.4525882005691528,0.5309755802154541,0.36100292205810547,0.9396390318870544,inf,0.5362918972969055,0.5303398966789246
2024-01-09 14:07:59.052950,inf,1.488147258758545,0.531544029712677,0.5171917080879211,0.9395946264266968,inf,0.5376695394515991,0.5300618410110474
2024-01-09 14:07:59.122411,inf,1.5427186489105225,0.5318923592567444,0.5189106464385986,0.9392383098602295,inf,0.5381304025650024,0.5299336910247803
2024-01-09 14:07:59.189412,inf,1.5981299877166748,0.5317995548248291,0.5216097235679626,0.9388604164123535,inf,0.5395534038543701,0.5298406481742859
2024-01-09 14:07:59.253284,inf,1.6336102485656738,0.5316122770309448,0.5261340141296387,0.9384401440620422,inf,0.5404333472251892,0.5296842455863953
2024-01-09 14:07:59.329971,inf,1.6799180507659912,0.5310098528862,0.5284280776977539,0.9380522966384888,inf,0.5417816042900085,0.5296635627746582
2024-01-09 14:07:59.399455,inf,0.2816908657550812,0.5307199954986572,0.532555878162384,0.9377317428588867,inf,0.5422841310501099,0.5297011733055115
2024-01-09 14:07:59.469819,inf,0.2814876437187195,0.5306879281997681,0.5346584320068359,0.9373572468757629,inf,0.5426923036575317,0.5297650694847107
2024-01-09 14:07:59.546356,inf,0.27990883588790894,0.5307663083076477,0.5359402298927307,0.9363197088241577,inf,0.5428590178489685,0.5300551056861877
2024-01-09 14:07:59.620061,inf,0.2798502743244171,0.5308498740196228,0.5401161909103394,0.9362103939056396,inf,0.5428353548049927,0.5301790833473206
2024-01-09 14:07:59.685018,inf,0.2783123552799225,0.5311768054962158,0.5413221120834351,0.9364073276519775,inf,0.5427947044372559,0.530299186706543
2024-01-09 14:07:59.751821,inf,0.27840763330459595,0.5314115285873413,0.5413005948066711,0.936795175075531,inf,0.5426241159439087,0.5306379199028015
2024-01-09 14:07:59.811097,inf,0.2780533730983734,0.5315256118774414,0.5412614345550537,0.9370537400245667,inf,0.5425313115119934,0.5308356881141663
2024-01-09 14:07:59.880203,inf,0.27800610661506653,0.5318564772605896,0.5407549738883972,0.9379457235336304,inf,0.5420523881912231,0.529259979724884
2024-01-09 14:07:59.953165,inf,0.2777962386608124,0.5319331884384155,0.5406826734542847,0.9381721019744873,inf,0.5420359969139099,0.5285797715187073
2024-01-09 14:08:00.017577,inf,0.2778418958187103,0.5319120287895203,0.5406243801116943,0.9384691715240479,inf,0.5420398712158203,0.5273166298866272
2024-01-09 14:08:00.084710,inf,0.277778685092926,0.5314669609069824,0.5405654907226562,0.9387552738189697,inf,0.5420606732368469,0.5239445567131042
2024-01-09 14:08:00.157968,inf,0.2775588035583496,0.5305987000465393,0.540533185005188,0.9390969276428223,inf,0.5421631336212158,0.5195896029472351
2024-01-09 14:08:00.229054,inf,0.2773232161998749,0.5287702083587646,0.5405169725418091,0.9363039135932922,inf,0.5422151684761047,0.5080922842025757
2024-01-09 14:08:00.298812,inf,0.27714356780052185,0.5253801941871643,0.540628969669342,0.9231096506118774,inf,0.5427076816558838,0.49376773834228516
2024-01-09 14:08:00.367066,inf,0.2771444022655487,0.5234895348548889,0.5408197641372681,0.9002183675765991,inf,0.542647123336792,0.4869285523891449
2024-01-09 14:08:00.432176,inf,0.27714911103248596,0.521439254283905,0.5408982038497925,0.8936765193939209,inf,0.5425223708152771,0.4829278588294983
2024-01-09 14:08:00.491479,inf,0.27715182304382324,0.5125167965888977,0.5410210490226746,0.8778367042541504,inf,0.541803240776062,0.471341997385025
2024-01-09 14:08:00.561555,inf,0.2771508991718292,0.5097423195838928,0.5410867929458618,0.8710793256759644,inf,0.5410445332527161,0.46622493863105774
2024-01-09 14:08:00.628380,inf,0.2771340012550354,0.49861425161361694,0.5411396622657776,0.8496025204658508,inf,0.5397285223007202,0.45845362544059753
2024-01-09 14:08:00.700959,inf,0.27714401483535767,0.4932957589626312,0.5410611033439636,0.8304879069328308,inf,0.5371909737586975,0.4518917500972748
2024-01-09 14:08:00.766171,inf,0.2771463990211487,0.48921534419059753,0.5408387780189514,0.8057564496994019,inf,0.5364351272583008,0.4399544894695282
2024-01-09 14:08:00.829148,inf,0.27713096141815186,0.4848712980747223,0.5402788519859314,0.7949138879776001,inf,0.5347898006439209,0.4361666738986969
2024-01-09 14:08:00.902125,1.834561824798584,0.27713313698768616,0.4806942045688629,0.5391952991485596,0.5390974283218384,inf,0.5162856578826904,0.42810025811195374
2024-01-09 14:08:00.964279,1.7796064615249634,0.2771269977092743,0.47719037532806396,0.5382141470909119,0.5319635272026062,inf,0.5128864645957947,0.4220283329486847
2024-01-09 14:08:01.026211,1.485539197921753,0.2771230638027191,0.4606765806674957,0.5351317524909973,0.5292385220527649,inf,0.5075855255126953,0.40253815054893494
2024-01-09 14:08:01.094645,1.4416766166687012,0.2771303951740265,0.4547080397605896,0.5333014726638794,0.5261242389678955,inf,0.5041318535804749,0.3992445468902588
2024-01-09 14:08:01.163852,1.3498560190200806,0.27712419629096985,0.4424651861190796,0.522764265537262,0.5142223834991455,inf,0.48614028096199036,0.39211156964302063
2024-01-09 14:08:01.230779,1.3150217533111572,0.27712106704711914,0.4384744465351105,0.5204472541809082,0.5011815428733826,inf,0.48341983556747437,0.38691556453704834
2024-01-09 14:08:01.296417,0.8298954367637634,0.2772010564804077,0.42423689365386963,0.5152177214622498,0.49223804473876953,inf,0.4782703220844269,0.36655935645103455
2024-01-09 14:08:01.360449,0.8163456320762634,0.27727583050727844,0.41804587841033936,0.5119017362594604,0.4823669493198395,inf,0.47369885444641113,0.3624858558177948
2024-01-09 14:08:01.425047,0.791903018951416,0.2773367464542389,0.41164976358413696,0.5102614760398865,0.47547829151153564,inf,0.4715728163719177,0.3578636646270752
2024-01-09 14:08:01.484446,0.7710663080215454,0.2774360477924347,0.4050965905189514,0.5062922835350037,0.4740229845046997,inf,0.4651593565940857,0.3542522192001343
2024-01-09 14:08:01.548623,0.6173698306083679,0.277474969625473,0.3896450698375702,0.4972623586654663,0.47379857301712036,inf,0.431205689907074,0.3474181592464447
2024-01-09 14:08:01.615869,0.6160769462585449,0.2778592109680176,0.38456961512565613,0.49281904101371765,0.47381171584129333,inf,0.4250440001487732,0.33906373381614685
2024-01-09 14:08:01.695988,0.6149782538414001,0.27799534797668457,0.3729941248893738,0.4853838384151459,0.4715033769607544,inf,0.41520026326179504,0.3278384208679199
2024-01-09 14:08:01.754213,0.6127484440803528,0.27809882164001465,0.3646959662437439,0.4826299250125885,0.47008955478668213,inf,0.40850403904914856,0.3257114291191101
2024-01-09 14:08:01.819975,0.610327959060669,0.27820542454719543,0.3603017330169678,0.472931832075119,0.46963414549827576,inf,0.3990618884563446,0.3229076564311981
2024-01-09 14:08:01.886424,0.5924173593521118,0.2785576581954956,0.35546374320983887,0.45774540305137634,0.46731773018836975,inf,0.38223540782928467,0.3213351368904114
2024-01-09 14:08:02.387210,0.5801847577095032,0.27881544828414917,0.352028489112854,0.4532608091831207,0.46434372663497925,inf,0.37809938192367554,0.31827783584594727
2024-01-09 14:08:02.471907,0.5683810710906982,0.280552476644516,0.3400403559207916,0.3779594600200653,0.4635668098926544,inf,0.3545723557472229,0.3175410032272339
2024-01-09 14:08:02.539519,0.5648610591888428,0.2820289731025696,0.33489978313446045,0.35815396904945374,0.4634682536125183,inf,0.3453339636325836,0.316273957490921
2024-01-09 14:08:02.611842,0.5640524625778198,1.6830812692642212,0.33294132351875305,0.348423570394516,0.46118229627609253,inf,0.33851319551467896,0.3139851987361908
2024-01-09 14:08:02.686222,0.5637504458427429,1.396056056022644,0.3272348940372467,0.33768588304519653,0.49024105072021484,inf,0.3327115774154663,0.31324824690818787
2024-01-09 14:08:02.757724,0.5640862584114075,1.3425132036209106,0.32241401076316833,0.33330094814300537,0.5451763868331909,inf,0.32746565341949463,0.3133235573768616
2024-01-09 14:08:02.833501,0.5653743147850037,1.2231394052505493,0.3153459429740906,0.32315680384635925,0.5407313108444214,inf,0.32403603196144104,0.31430870294570923
2024-01-09 14:08:02.907709,0.565958559513092,1.1866828203201294,0.3140650987625122,0.3219785690307617,0.5401268601417542,inf,0.32221412658691406,0.3147340416908264
2024-01-09 14:08:02.971379,0.5661988854408264,1.1652939319610596,0.31379419565200806,0.3212948441505432,0.5394365787506104,inf,0.3218521177768707,0.3149413466453552
2024-01-09 14:08:03.033497,0.5664054155349731,1.134699821472168,0.3136790990829468,0.3209591507911682,0.5389872789382935,inf,0.32166075706481934,0.3150879442691803
2024-01-09 14:08:03.101477,0.5666317939758301,0.9730213284492493,0.31392353773117065,0.3206275701522827,0.5387568473815918,inf,0.32158195972442627,0.3152662217617035
2024-01-09 14:08:03.169852,0.567252516746521,0.9600669145584106,0.3140961229801178,0.32090795040130615,0.5384374856948853,inf,0.3216811418533325,0.31543171405792236
2024-01-09 14:08:03.237204,0.569060206413269,0.9201563000679016,0.3151397407054901,0.3210485577583313,0.5383220314979553,inf,0.3222021162509918,0.3157511055469513
2024-01-09 14:08:03.296556,0.5702229142189026,0.9036650657653809,0.3153539001941681,0.3212132155895233,0.5390982031822205,inf,0.3228674829006195,0.3158080279827118
2024-01-09 14:08:03.359864,0.5714185237884521,0.8805447816848755,0.3155595362186432,0.3213980197906494,0.5394476652145386,inf,0.3229694664478302,0.3158966600894928
2024-01-09 14:08:03.430813,0.5740752220153809,0.8646114468574524,0.3160896599292755,0.3217405676841736,0.5395362973213196,inf,0.3230924606323242,0.31592512130737305
2024-01-09 14:08:03.489012,0.5784555077552795,0.8602901101112366,0.3162105679512024,0.3218769431114197,0.5396377444267273,1.990416407585144,0.3232799470424652,0.3159513473510742
2024-01-09 14:08:03.560533,0.5876793265342712,0.8458306193351746,0.31635168194770813,0.32209497690200806,0.5399556159973145,1.8854401111602783,0.32346853613853455,0.31650009751319885
2024-01-09 14:08:03.623157,0.5977656841278076,0.837216317653656,0.316437304019928,0.3222183287143707,0.5399709939956665,1.797806978225708,0.323503702878952,0.3170144557952881
2024-01-09 14:08:03.680070,0.6019909381866455,0.8325527906417847,0.3166014552116394,0.32238614559173584,0.5400049090385437,1.766743540763855,0.32354605197906494,0.31761330366134644
2024-01-09 14:08:03.746828,0.6067874431610107,0.8277876377105713,0.3166290819644928,0.3224398195743561,0.5400674939155579,1.7370904684066772,0.32356834411621094,0.3185330033302307
2024-01-09 14:08:03.807839,0.6125419735908508,0.8167315721511841,0.316677063703537,0.3225463628768921,0.5403741598129272,1.6612999439239502,0.3239285349845886,0.3196137547492981
2024-01-09 14:08:03.868837,0.6147124171257019,0.8153179883956909,0.31675657629966736,0.3225654065608978,0.5407814979553223,1.6472861766815186,0.3240388333797455,0.3206630051136017
2024-01-09 14:08:03.927200,0.6168097257614136,0.8144370317459106,0.3168824017047882,0.32258665561676025,0.541261613368988,1.6264944076538086,0.3247239589691162,0.32225701212882996
2024-01-09 14:08:03.995276,0.6194347143173218,0.8133795261383057,0.31810909509658813,0.3228992819786072,0.5415933728218079,1.5849560499191284,0.326357901096344,0.3239040970802307
2024-01-09 14:08:04.058982,0.6198154091835022,0.8129821419715881,0.3186420798301697,0.3230613172054291,0.542752206325531,1.5780322551727295,0.32745179533958435,0.32585594058036804
2024-01-09 14:08:04.133813,0.624226450920105,0.8152567744255066,0.3225867748260498,0.3273158371448517,0.5460485816001892,1.5705431699752808,0.33385851979255676,0.3359680771827698
2024-01-09 14:08:04.198944,0.633794903755188,0.8160220384597778,0.32732951641082764,0.32917651534080505,0.5492755174636841,1.5675657987594604,0.33483099937438965,0.33910155296325684
2024-01-09 14:08:04.261348,0.6438562870025635,0.8166110515594482,0.3316469192504883,0.3325105607509613,0.5511704683303833,1.563301920890808,0.34125736355781555,0.34188199043273926
2024-01-09 14:08:04.324475,0.6570631861686707,0.817395806312561,0.3357101380825043,0.33377185463905334,0.4659125804901123,1.562303066253662,0.3441423773765564,0.34821200370788574
2024-01-09 14:08:04.384640,0.7476791739463806,0.8175843358039856,0.3386255204677582,0.336231529712677,0.46460965275764465,1.5632582902908325,0.3475189208984375,0.35243290662765503
2024-01-09 14:08:04.447690,0.7766625285148621,0.8177146315574646,0.34151437878608704,0.34019431471824646,0.47007912397384644,1.5656375885009766,0.3500998914241791,0.356099396944046
2024-01-09 14:08:04.516633,0.7998203635215759,0.8178999423980713,0.34482571482658386,0.34283989667892456,0.4703845679759979,1.5674234628677368,0.35268664360046387,0.35968783497810364
2024-01-09 14:08:04.580243,0.8256726264953613,0.8179428577423096,0.34761303663253784,0.34604641795158386,0.47130948305130005,1.569446325302124,0.3561686873435974,0.36384111642837524
2024-01-09 14:08:04.638288,1.2805360555648804,0.8179957866668701,0.3554159700870514,0.35472020506858826,0.47619137167930603,1.573311448097229,0.3667898178100586,0.37733766436576843
2024-01-09 14:08:04.700483,1.3240487575531006,0.8180492520332336,0.3676399886608124,0.35847988724708557,0.47765251994132996,1.5749313831329346,0.37081968784332275,0.3826938569545746
2024-01-09 14:08:04.758067,1.37031888961792,0.8182156682014465,0.3726380467414856,0.3618161380290985,0.4785577952861786,1.5761595964431763,0.3751530647277832,0.3885166645050049
2024-01-09 14:08:04.818705,1.5069929361343384,0.818386971950531,0.37645718455314636,0.3655374348163605,0.49056026339530945,1.5785521268844604,0.39378735423088074,0.39124125242233276
2024-01-09 14:08:04.880507,1.558593511581421,0.8206250667572021,0.3817807734012604,0.37336963415145874,0.49797794222831726,1.580658197402954,0.3956756889820099,0.41440537571907043
2024-01-09 14:08:04.950795,1.5966520309448242,0.8234826922416687,0.38740476965904236,0.37812983989715576,0.5149672627449036,1.5825282335281372,0.41376596689224243,0.44476744532585144
2024-01-09 14:08:05.012824,1.652443766593933,0.8273972868919373,0.3914467394351959,0.3810896873474121,0.5244214534759521,1.5831326246261597,0.4174870252609253,0.4507337510585785
2024-01-09 14:08:05.076851,1.7752031087875366,0.8305440545082092,0.39643511176109314,0.3867027759552002,0.5323044657707214,1.5842845439910889,0.42331817746162415,0.4621165096759796
2024-01-09 14:08:05.139231,inf,0.8345365524291992,0.4089227318763733,0.3920042812824249,0.5492154359817505,1.585271954536438,0.4296499788761139,0.4717121124267578
2024-01-09 14:08:05.213008,inf,0.837360143661499,0.4263123869895935,0.40004071593284607,0.7999058961868286,1.589050054550171,0.4401472806930542,0.4807785451412201
2024-01-09 14:08:05.303123,inf,0.8804371953010559,0.45545053482055664,0.4608024060726166,0.8646783232688904,1.6419812440872192,0.4460870623588562,0.5176809430122375
2024-01-09 14:08:05.372765,inf,0.909736692905426,0.4918256998062134,0.36095768213272095,0.8692888021469116,1.6823831796646118,0.4571880102157593,0.5300120115280151
2024-01-09 14:08:05.442088,inf,0.9221315979957581,0.5068556666374207,0.36090996861457825,0.8791816830635071,1.7952320575714111,0.46303683519363403,0.5331665277481079
2024-01-09 14:08:05.507970,inf,0.9379635453224182,0.5097464323043823,0.3609510660171509,0.8969802260398865,1.8278992176055908,0.4726894497871399,0.5345516204833984
2024-01-09 14:08:05.582412,inf,0.9514462947845459,0.5137872695922852,0.36104318499565125,0.905046284198761,1.8571598529815674,0.4778033494949341,0.535872220993042
2024-01-09 14:08:05.642997,inf,0.9655503630638123,0.5156047940254211,0.3612147271633148,0.9101409316062927,1.908645749092102,0.4820016622543335,0.5371671915054321
2024-01-09 14:08:05.711956,inf,0.9766629934310913,0.5177695751190186,0.5381882786750793,0.9165719151496887,inf,0.49972984194755554,0.5382804870605469
2024-01-09 14:08:05.803730,inf,1.0161172151565552,0.5288652777671814,0.547563374042511,0.9401186108589172,inf,0.5236324071884155,0.5419401526451111
2024-01-09 14:08:05.873995,inf,1.0765721797943115,0.5379049777984619,0.5478865504264832,0.9675667881965637,inf,0.528964638710022,0.5420933961868286
2024-01-09 14:08:05.941215,inf,1.120793342590332,0.5389158725738525,0.5476408004760742,0.967803418636322,inf,0.53983074426651,0.541959285736084
2024-01-09 14:08:06.017213,inf,1.1865720748901367,0.5401679277420044,0.5474355220794678,0.967656672000885,inf,0.5431644320487976,0.5416298508644104
2024-01-09 14:08:06.089658,inf,1.2107466459274292,0.5413824319839478,0.5472511649131775,0.9663345217704773,inf,0.5445562601089478,0.5411439538002014
2024-01-09 14:08:06.159040,inf,1.2459149360656738,0.5422062873840332,0.5471827983856201,0.9659132957458496,inf,0.5455458760261536,0.5410260558128357
2024-01-09 14:08:06.227041,inf,1.282702088356018,0.5433677434921265,0.5471177697181702,0.9655246734619141,inf,0.5495214462280273,0.5409184098243713
2024-01-09 14:08:06.288916,inf,1.3287323713302612,0.5432385206222534,0.5470661520957947,0.964765191078186,inf,0.54948890209198,0.5408287644386292
2024-01-09 14:08:06.353190,inf,1.4117673635482788,0.5430440306663513,0.547020673751831,0.9644739627838135,inf,0.5494296550750732,0.5407209396362305
2024-01-09 14:08:06.424433,inf,1.5126917362213135,0.5428799390792847,0.5470002293586731,0.9642018675804138,inf,0.5492669939994812,0.5406902432441711
2024-01-09 14:08:06.488742,inf,1.7165180444717407,0.5427079200744629,0.5469803214073181,0.9637211561203003,inf,0.5490584373474121,0.5409079790115356
2024-01-09 14:08:06.553121,inf,1.781495213508606,0.5425462126731873,0.5469707250595093,0.9640181660652161,inf,0.5489681959152222,0.5409887433052063
2024-01-09 14:08:06.624396,inf,1.8167767524719238,0.5420164465904236,0.5469763278961182,0.9642026424407959,inf,0.5486955046653748,0.541051983833313
2024-01-09 14:08:06.684125,inf,1.8693463802337646,0.5420179963111877,0.5470579266548157,0.9643979668617249,inf,0.5486529469490051,0.5412167906761169
2024-01-09 14:08:06.748720,inf,0.28196603059768677,0.5421019792556763,0.5471000075340271,0.9645709991455078,inf,0.5486330986022949,0.5412787199020386
2024-01-09 14:08:06.813125,inf,0.2806967496871948,0.5421513915061951,0.547149658203125,0.9647559523582458,inf,0.5486103892326355,0.5412899851799011
2024-01-09 14:08:06.878649,inf,0.27923867106437683,0.5423043966293335,0.5471843481063843,0.9649612307548523,inf,0.5486955046653748,0.5406876802444458
2024-01-09 14:08:06.948369,inf,0.27872225642204285,0.5424434542655945,0.5472742319107056,0.9651731848716736,inf,0.5489156246185303,0.5396645665168762
2024-01-09 14:08:07.019206,inf,0.2781558334827423,0.5426123142242432,0.5472943186759949,0.9646944403648376,inf,0.5489239692687988,0.5389955639839172
2024-01-09 14:08:07.079835,inf,0.27808400988578796,0.5426666736602783,0.5473093390464783,0.9643660187721252,inf,0.5489163994789124,0.5370987057685852
2024-01-09 14:08:07.153075,inf,0.2778749465942383,0.5413098335266113,0.5471383929252625,0.9633026719093323,inf,0.5475944876670837,0.5361469984054565
2024-01-09 14:08:07.219693,inf,0.2777084410190582,0.5396367907524109,0.5468631982803345,0.9520838856697083,inf,0.546051561832428,0.5262781977653503
2024-01-09 14:08:07.290974,inf,0.27760472893714905,0.5389925837516785,0.5453933477401733,0.9393186569213867,inf,0.5439459085464478,0.5148204565048218
2024-01-09 14:08:07.355426,inf,0.2776452898979187,0.536508321762085,0.5444403290748596,0.9342952370643616,inf,0.5431817770004272,0.5098332762718201
2024-01-09 14:08:07.460167,inf,0.2772126793861389,0.524664580821991,0.5303971171379089,0.8909027576446533,inf,0.5265230536460876,0.47310417890548706
2024-01-09 14:08:07.528694,inf,0.27716201543807983,0.5199475288391113,0.52301025390625,0.8834910988807678,inf,0.5239737629890442,0.4571385979652405
2024-01-09 14:08:07.597237,1.9069839715957642,0.27714887261390686,0.5120404958724976,0.5207708477973938,0.8732936382293701,inf,0.5189064145088196,0.44614797830581665
2024-01-09 14:08:07.685079,1.8047621250152588,0.2771948575973511,0.4542100429534912,0.5044140219688416,0.8198302984237671,inf,0.5054606795310974,0.4069809317588806
2024-01-09 14:08:07.748605,1.6671667098999023,0.27717965841293335,0.4371342360973358,0.5025577545166016,0.810115396976471,inf,0.5036479234695435,0.4048445522785187
2024-01-09 14:08:07.832834,1.3553036451339722,0.2771844267845154,0.40781375765800476,0.4815754294395447,0.5297188758850098,inf,0.4717431366443634,0.38426974415779114
2024-01-09 14:08:07.933979,0.7740114331245422,0.27716559171676636,0.3717573285102844,0.42404600977897644,0.4969283938407898,inf,0.4364105761051178,0.36982041597366333
2024-01-09 14:08:08.000484,0.7540704607963562,0.27716314792633057,0.3671341836452484,0.4191444516181946,0.4886581301689148,inf,0.43100371956825256,0.36477744579315186
2024-01-09 14:08:08.077056,0.7364724278450012,0.27716150879859924,0.3628363609313965,0.4168369770050049,0.48324206471443176,inf,0.4241687059402466,0.3604702055454254
2024-01-09 14:08:08.172909,0.6206643581390381,0.27715301513671875,0.3435034453868866,0.37828510999679565,0.47478222846984863,inf,0.39873117208480835,0.3451056480407715
2024-01-09 14:08:08.236914,0.617775022983551,0.27715328335762024,0.3410349190235138,0.36555495858192444,0.4704084098339081,inf,0.39376300573349,0.339960515499115
2024-01-09 14:08:08.302369,0.6144731044769287,0.27715370059013367,0.33898836374282837,0.3586667776107788,0.4689268171787262,inf,0.38915911316871643,0.3378967344760895
2024-01-09 14:08:08.362860,0.6079936623573303,0.2771398425102234,0.33701813220977783,0.3562771677970886,0.46777406334877014,inf,0.38388654589653015,0.3357979655265808
2024-01-09 14:08:08.427394,0.6049343943595886,0.27717387676239014,0.33562225103378296,0.3521740734577179,0.46591445803642273,inf,0.3785926103591919,0.33229881525039673
2024-01-09 14:08:08.491984,0.5921680331230164,0.27723628282546997,0.3302619755268097,0.34922394156455994,0.47087016701698303,inf,0.36609262228012085,0.32899209856987
2024-01-09 14:08:08.558763,0.5885575413703918,0.2772938907146454,0.3292406499385834,0.3463851809501648,0.4757097363471985,inf,0.36203616857528687,0.32786867022514343
2024-01-09 14:08:08.622481,0.5873520374298096,0.2773536741733551,0.3276672065258026,0.3420359492301941,0.48024505376815796,inf,0.3590996265411377,0.3261817693710327
2024-01-09 14:08:08.687090,0.5839771032333374,0.27733394503593445,0.3245086073875427,0.33285272121429443,0.48368051648139954,inf,0.34727904200553894,0.3253691792488098
2024-01-09 14:08:08.754351,0.5751349925994873,0.2776688039302826,0.32338985800743103,0.3312682807445526,0.48683369159698486,inf,0.34452754259109497,0.32427120208740234
2024-01-09 14:08:08.827471,0.5738045573234558,0.27787965536117554,0.322029173374176,0.330013632774353,0.4954138398170471,inf,0.34063565731048584,0.32171398401260376
2024-01-09 14:08:08.888078,0.573830246925354,0.27813395857810974,0.3214682638645172,0.32916733622550964,0.5535548329353333,inf,0.33647778630256653,0.3205671012401581
2024-01-09 14:08:08.949781,0.5739744901657104,0.27805015444755554,0.321326345205307,0.32650166749954224,0.5520154237747192,inf,0.3350744843482971,0.3205397427082062
2024-01-09 14:08:09.010965,0.5741116404533386,0.27932819724082947,0.32140442728996277,0.32588517665863037,0.5508691668510437,inf,0.32992544770240784,0.32076600193977356
2024-01-09 14:08:09.074994,0.5743839740753174,0.279476135969162,0.3215358257293701,0.32577288150787354,0.5490131378173828,inf,0.32812201976776123,0.321830153465271
2024-01-09 14:08:09.147537,0.575268030166626,0.2805183231830597,0.3219229280948639,0.3260249197483063,0.5470199584960938,inf,0.3268575668334961,0.3222220242023468
2024-01-09 14:08:09.212231,0.5760266780853271,0.2822113037109375,0.3222061097621918,0.3263477087020874,0.5447371602058411,inf,0.32686254382133484,0.3223559260368347
2024-01-09 14:08:09.270942,0.5761895179748535,1.7928727865219116,0.3225850760936737,0.3264734745025635,0.5440840721130371,inf,0.32705479860305786,0.32248690724372864
2024-01-09 14:08:09.338623,0.5765381455421448,1.258286952972412,0.3228033781051636,0.32685425877571106,0.5429490208625793,inf,0.32763153314590454,0.3226191997528076
2024-01-09 14:08:09.403728,0.5766819715499878,1.056593894958496,0.3229922354221344,0.3269557058811188,0.5427786707878113,inf,0.32777467370033264,0.3227344751358032
2024-01-09 14:08:09.467928,0.5767555832862854,1.038098692893982,0.32316505908966064,0.3270316421985626,0.5428439974784851,inf,0.3278965353965759,0.32280662655830383
2024-01-09 14:08:09.539797,0.5768330097198486,0.9483163952827454,0.32328304648399353,0.32731398940086365,0.5431934595108032,inf,0.3279823362827301,0.3229069709777832
2024-01-09 14:08:09.606939,0.5768902897834778,0.9349353313446045,0.3235441744327545,0.3273235559463501,0.5433111786842346,inf,0.32806357741355896,0.3229272961616516
2024-01-09 14:08:09.672556,0.5769017338752747,0.9238277077674866,0.32372671365737915,0.32732847332954407,0.5435513257980347,inf,0.328157514333725,0.32292142510414124
2024-01-09 14:08:09.734083,0.5770386457443237,0.9114428758621216,0.3237456679344177,0.32733121514320374,0.5436478853225708,inf,0.32823672890663147,0.3229234218597412
2024-01-09 14:08:09.796179,0.57707679271698,0.900798499584198,0.32375359535217285,0.3273385763168335,0.5437477827072144,inf,0.32832178473472595,0.3229627013206482
2024-01-09 14:08:09.866835,0.5838571786880493,0.8539156913757324,0.3237573504447937,0.32768169045448303,0.5439655780792236,1.893262267112732,0.32835274934768677,0.3232435882091522
2024-01-09 14:08:09.944639,0.5878207683563232,0.8312119841575623,0.32377180457115173,0.32919687032699585,0.5440532565116882,1.8171231746673584,0.3283657133579254,0.32412946224212646
2024-01-09 14:08:10.018219,0.5943068265914917,0.829310953617096,0.32377198338508606,0.330106258392334,0.5440817475318909,1.7485748529434204,0.3283608555793762,0.3247125446796417
2024-01-09 14:08:10.083695,0.59906005859375,0.8264129757881165,0.3237757086753845,0.33174484968185425,0.5440995693206787,1.7158154249191284,0.3283649682998657,0.32548049092292786
2024-01-09 14:08:10.143104,0.6036481261253357,0.8264778256416321,0.324000746011734,0.3334430158138275,0.5441078543663025,1.693394422531128,0.32873836159706116,0.32646289467811584
2024-01-09 14:08:10.204665,0.619938313961029,0.8266904354095459,0.32428058981895447,0.3353627622127533,0.5441060066223145,1.6805171966552734,0.33023497462272644,0.32714059948921204
2024-01-09 14:08:10.282679,0.6217131614685059,0.8268797993659973,0.3261612057685852,0.34906554222106934,0.5441727042198181,1.665675163269043,0.33280736207962036,0.33627748489379883
2024-01-09 14:08:10.351990,0.6243534684181213,0.8272579908370972,0.3268336057662964,0.35065796971321106,0.5449996590614319,1.6489912271499634,0.33799752593040466,0.34184709191322327
2024-01-09 14:08:10.421600,0.6252440810203552,0.8277541995048523,0.33125048875808716,0.35737377405166626,0.48844394087791443,1.6218593120574951,0.34463393688201904,0.3456955850124359
2024-01-09 14:08:10.482724,0.6255481243133545,0.8284389972686768,0.3341991901397705,0.36109235882759094,0.4858601987361908,1.6188631057739258,0.3679938018321991,0.3531406819820404
2024-01-09 14:08:10.541794,0.6459623575210571,0.8288239240646362,0.33677491545677185,0.3665829002857208,0.48263290524482727,1.6194963455200195,0.37195345759391785,0.3589179515838623
2024-01-09 14:08:10.603772,0.7343074679374695,0.8291215896606445,0.341916024684906,0.37008753418922424,0.4755748510360718,1.6203995943069458,0.37576133012771606,0.36269477009773254
2024-01-09 14:08:10.680659,0.7620381116867065,0.8294340968132019,0.34643515944480896,0.3781328499317169,0.4682134687900543,1.6251952648162842,0.4072215259075165,0.380652517080307
2024-01-09 14:08:10.745997,0.8375144004821777,0.8301221132278442,0.36577507853507996,0.38765227794647217,0.46778756380081177,1.626710057258606,0.41672298312187195,0.3860452473163605
2024-01-09 14:08:10.806685,0.8552176356315613,0.8302849531173706,0.37062183022499084,0.39254647493362427,0.4687928557395935,1.628129243850708,0.4219982326030731,0.39110881090164185
2024-01-09 14:08:10.879938,1.2745805978775024,0.8303917646408081,0.3798038065433502,0.4205114245414734,0.4728570282459259,1.632426381111145,0.4314254820346832,0.39479920268058777
2024-01-09 14:08:10.950814,1.334799885749817,0.8305635452270508,0.3850511908531189,0.43017151951789856,0.484187513589859,1.63530695438385,0.4435538947582245,0.4156743884086609
2024-01-09 14:08:11.024259,1.3797039985656738,0.8305553197860718,0.39484119415283203,0.43577253818511963,0.5200868248939514,1.6359503269195557,0.4545014202594757,0.4266141355037689
2024-01-09 14:08:11.099328,1.4888248443603516,0.8305700421333313,0.39927801489830017,0.46392059326171875,0.5295358300209045,1.6364601850509644,0.47046172618865967,0.432104229927063
2024-01-09 14:08:11.175369,1.6357618570327759,0.8317905068397522,0.4324311912059784,0.36067429184913635,0.5550819635391235,1.636907935142517,0.48631349205970764,0.43785130977630615
2024-01-09 14:08:11.239916,1.6955060958862305,0.8336535692214966,0.4377756118774414,0.36061063408851624,0.7891246676445007,1.6369731426239014,0.4888346195220947,0.44410669803619385
2024-01-09 14:08:11.308954,1.7608920335769653,0.8355425596237183,0.44304358959198,0.3604920208454132,0.8001400828361511,1.6369889974594116,0.4937172830104828,0.44939690828323364
2024-01-09 14:08:11.370614,1.8187130689620972,0.8376065492630005,0.44862574338912964,0.3610096573829651,0.8093374371528625,1.6371068954467773,0.5029123425483704,0.4567807912826538
2024-01-09 14:08:11.437442,1.9261982440948486,0.8389078974723816,0.463003545999527,0.36110639572143555,0.8413763046264648,1.6617391109466553,0.5057923793792725,0.46316611766815186
2024-01-09 14:08:11.503767,inf,0.8548794984817505,0.4671891927719116,0.361046701669693,0.8599354028701782,1.6724870204925537,0.5093551278114319,0.46821698546409607
2024-01-09 14:08:11.570327,inf,0.8697238564491272,0.4722028970718384,0.36124199628829956,0.8718680739402771,1.748300313949585,0.5133181214332581,0.47288328409194946
2024-01-09 14:08:11.634343,inf,0.8754984736442566,0.4913770854473114,0.36667463183403015,0.8967424631118774,1.9545398950576782,0.5299456715583801,0.49540647864341736
2024-01-09 14:08:11.698525,inf,0.8910282254219055,0.49565717577934265,0.528353750705719,0.9016399383544922,inf,0.5327610373497009,0.49953439831733704
2024-01-09 14:08:11.765202,inf,0.9006894826889038,0.49992552399635315,0.5308634042739868,0.9099405407905579,inf,0.5348701477050781,0.503814697265625
2024-01-09 14:08:11.839985,inf,0.9069990515708923,0.5037379860877991,0.5346581935882568,0.9268187880516052,inf,0.5388102531433105,0.5063969492912292
2024-01-09 14:08:11.912488,inf,0.9306101202964783,0.5184522867202759,0.5406718254089355,0.9445383548736572,inf,0.5441974997520447,0.5095269680023193
2024-01-09 14:08:11.978636,inf,0.9443348050117493,0.5284472703933716,0.542285680770874,0.9511910676956177,inf,0.5465129613876343,0.5128801465034485
2024-01-09 14:08:12.046255,inf,0.9628520011901855,0.531973659992218,0.5436754822731018,0.9567562341690063,inf,0.548698365688324,0.5224859714508057
2024-01-09 14:08:12.114184,inf,1.0011847019195557,0.5341611504554749,0.5448678731918335,0.9676488637924194,inf,0.5491416454315186,0.5254904627799988
2024-01-09 14:08:12.178924,inf,1.015274167060852,0.5392577052116394,0.5460222959518433,0.9721733927726746,inf,0.5497537851333618,0.5272847414016724
2024-01-09 14:08:12.242413,inf,1.033738374710083,0.5409469604492188,0.5469727516174316,0.9757278561592102,inf,0.5507898926734924,0.5296939611434937
2024-01-09 14:08:12.316963,inf,1.0583040714263916,0.5422039031982422,0.5475069880485535,0.9792020320892334,inf,0.551287055015564,0.5316005945205688
2024-01-09 14:08:12.378648,inf,1.0807932615280151,0.5435830354690552,0.5489749908447266,0.9813554883003235,inf,0.5518460273742676,0.533174991607666
2024-01-09 14:08:12.453339,inf,1.0993037223815918,0.545393168926239,0.5507024526596069,0.982248067855835,inf,0.5523834228515625,0.5368881821632385
2024-01-09 14:08:12.514839,inf,1.1777375936508179,0.5461553931236267,0.5509998202323914,0.9817812442779541,inf,0.5526391267776489,0.5384995341300964
2024-01-09 14:08:12.580906,inf,1.3052089214324951,0.5472634434700012,0.5510823726654053,0.9814413785934448,inf,0.5527382493019104,0.5422945618629456
2024-01-09 14:08:12.655492,inf,1.3847326040267944,0.5479945540428162,0.5511090755462646,0.9783064723014832,inf,0.5526272654533386,0.5442386865615845
2024-01-09 14:08:12.717139,inf,1.4329969882965088,0.5490626692771912,0.5508083701133728,0.9781175255775452,inf,0.5525359511375427,0.5447438359260559
2024-01-09 14:08:12.778975,inf,1.4967533349990845,0.5493746995925903,0.5505180954933167,0.9778587818145752,inf,0.5522448420524597,0.5461646914482117
2024-01-09 14:08:12.862842,inf,1.5921249389648438,0.5494518876075745,0.550278902053833,0.9778363108634949,inf,0.5520936846733093,0.5467562079429626
2024-01-09 14:08:12.937395,inf,1.6449954509735107,0.5495149493217468,0.5502318739891052,0.9778991937637329,inf,0.5520333647727966,0.5471991896629333
2024-01-09 14:08:13.000825,inf,1.7639241218566895,0.5493062138557434,0.5501468181610107,0.9779610633850098,inf,0.5517789721488953,0.5479090809822083
2024-01-09 14:08:13.084783,inf,1.8756269216537476,0.5488292574882507,0.5502572655677795,0.9783132076263428,inf,0.5518261790275574,0.5478717088699341
2024-01-09 14:08:13.153112,inf,0.282062292098999,0.5484647154808044,0.5503588318824768,0.9784305095672607,inf,0.5518535375595093,0.5476107001304626
2024-01-09 14:08:13.228652,inf,0.2801106870174408,0.547918975353241,0.5487752556800842,0.9788892865180969,inf,0.5520035028457642,0.546704888343811
2024-01-09 14:08:13.296256,inf,0.2774445414543152,0.5478538870811462,0.5472649335861206,0.9772011041641235,inf,0.5500750541687012,0.5463731288909912
2024-01-09 14:08:13.365322,inf,0.27739596366882324,0.5477825403213501,0.5403239130973816,0.9768351912498474,inf,0.5435802340507507,0.5463140606880188
2024-01-09 14:08:13.430965,inf,0.2773404121398926,0.5477601885795593,0.5383747816085815,0.9743916988372803,inf,0.537644624710083,0.546419620513916
2024-01-09 14:08:13.490588,inf,0.27729347348213196,0.5477637052536011,0.5361774563789368,0.9713772535324097,inf,0.5361955761909485,0.5464601516723633
2024-01-09 14:08:13.559884,inf,0.2772129774093628,0.5478174686431885,0.5348681807518005,0.9633638858795166,inf,0.5266985297203064,0.5465163588523865
2024-01-09 14:08:13.633625,inf,0.27719244360923767,0.5479666590690613,0.5330482125282288,0.9558616280555725,inf,0.5213077664375305,0.546737790107727
2024-01-09 14:08:13.699758,inf,0.2771960198879242,0.5480206608772278,0.5298625826835632,0.9492513537406921,inf,0.5174100399017334,0.5467552542686462
2024-01-09 14:08:13.761324,inf,0.27718889713287354,0.548194944858551,0.5251296758651733,0.9339678883552551,inf,0.5124500393867493,0.5460541844367981
2024-01-09 14:08:13.823477,inf,0.27718865871429443,0.5482447147369385,0.5228909850120544,0.9275769591331482,inf,0.5046327710151672,0.5454323291778564
2024-01-09 14:08:13.887072,inf,0.2772054374217987,0.5467597246170044,0.5141437649726868,0.9234962463378906,inf,0.49710163474082947,0.543998122215271
2024-01-09 14:08:13.950503,inf,0.2772042751312256,0.5457759499549866,0.36104241013526917,0.8965390920639038,inf,0.4925173223018646,0.5389124751091003
2024-01-09 14:08:14.021495,1.8359180688858032,0.27718740701675415,0.5440108776092529,0.36113423109054565,0.8908076286315918,inf,0.472000390291214,0.5368565917015076
2024-01-09 14:08:14.089997,1.7739837169647217,0.2771998941898346,0.5413525104522705,0.3608644902706146,0.8821157217025757,inf,0.46717116236686707,0.5331047177314758
2024-01-09 14:08:14.159952,1.7145202159881592,0.27719834446907043,0.5391263365745544,0.4708568751811981,0.8750122785568237,inf,0.4614592492580414,0.5317049622535706
2024-01-09 14:08:14.228069,1.6674796342849731,0.27719321846961975,0.5371568202972412,0.46640250086784363,0.8671132326126099,inf,0.44565877318382263,0.5293114185333252
2024-01-09 14:08:14.288483,1.6240229606628418,0.2771846055984497,0.5261405110359192,0.43578392267227173,0.8298801183700562,inf,0.4367944300174713,0.5268997550010681
2024-01-09 14:08:14.353621,1.5124138593673706,0.27718585729599,0.5164355039596558,0.42237403988838196,0.805844783782959,inf,0.42289918661117554,0.523834764957428
2024-01-09 14:08:14.410783,1.466663122177124,0.2771846652030945,0.5128916501998901,0.4161985218524933,0.7937163710594177,inf,0.4164087176322937,0.5224520564079285
2024-01-09 14:08:14.469918,1.3759963512420654,0.27718496322631836,0.4978533387184143,0.4110676944255829,0.5461544990539551,inf,0.40692228078842163,0.5197816491127014
2024-01-09 14:08:14.540473,1.3028650283813477,0.2771807610988617,0.4809700548648834,0.40012115240097046,0.5366960763931274,inf,0.39494648575782776,0.5105913877487183
2024-01-09 14:08:14.598378,0.8493468761444092,0.2771804928779602,0.4777447581291199,0.3886706531047821,0.5296015739440918,inf,0.3843531608581543,0.49479198455810547
2024-01-09 14:08:14.663488,0.824017345905304,0.27718082070350647,0.47174298763275146,0.3806113302707672,0.5228017568588257,inf,0.3778436481952667,0.49088039994239807
2024-01-09 14:08:14.725637,0.8020198941230774,0.27718421816825867,0.4671346843242645,0.3768964111804962,0.5131529569625854,inf,0.37269890308380127,0.4861682057380676
2024-01-09 14:08:14.799449,0.7593952417373657,0.277181476354599,0.46257463097572327,0.3720063269138336,0.5040926933288574,inf,0.3688439130783081,0.4830085039138794
2024-01-09 14:08:14.861236,0.7424001097679138,0.277180016040802,0.4569365978240967,0.3683723211288452,0.4971684217453003,inf,0.36462369561195374,0.47871604561805725
2024-01-09 14:08:14.932132,0.6288491487503052,0.27718305587768555,0.4448145627975464,0.36384668946266174,0.47872045636177063,inf,0.35931676626205444,0.4643782377243042
2024-01-09 14:08:14.994810,0.6259382963180542,0.2771894633769989,0.439346581697464,0.35996952652931213,0.4801182746887207,inf,0.35290172696113586,0.4592072367668152
2024-01-09 14:08:15.053260,0.6235197186470032,0.27719804644584656,0.42789337038993835,0.355462908744812,0.47800496220588684,inf,0.3513657748699188,0.45302364230155945
2024-01-09 14:08:15.122566,0.6202582716941833,0.27729159593582153,0.407804399728775,0.35060349106788635,0.47367605566978455,inf,0.3461707830429077,0.44826725125312805
2024-01-09 14:08:15.180408,0.6202730536460876,0.2773860692977905,0.3976203501224518,0.3412848711013794,0.47289976477622986,inf,0.3400406539440155,0.4356541037559509
2024-01-09 14:08:15.251327,0.6078656911849976,0.27738508582115173,0.3908979296684265,0.33381009101867676,0.47124284505844116,inf,0.33448526263237,0.41095659136772156
2024-01-09 14:08:15.311336,0.6018750667572021,0.27750176191329956,0.38518184423446655,0.3311680555343628,0.4683712124824524,inf,0.3313464820384979,0.39440953731536865
2024-01-09 14:08:15.372389,0.5881388783454895,0.2775779366493225,0.37511059641838074,0.3303532302379608,0.46885946393013,inf,0.33064180612564087,0.38868576288223267
2024-01-09 14:08:15.433041,0.5864932537078857,0.2776852250099182,0.3722231388092041,0.32975730299949646,0.468822181224823,inf,0.3301297724246979,0.38254839181900024
2024-01-09 14:08:15.493227,0.5801282525062561,0.27775582671165466,0.3680873513221741,0.32921454310417175,0.4898555278778076,inf,0.32976025342941284,0.37764236330986023
2024-01-09 14:08:15.561208,0.5791245698928833,0.2778608798980713,0.36383160948753357,0.3287355899810791,0.5552509427070618,inf,0.32950425148010254,0.37294676899909973
2024-01-09 14:08:15.636198,0.5792041420936584,0.27816101908683777,0.36056503653526306,0.32852092385292053,0.5533526539802551,inf,0.32966095209121704,0.3699329197406769
2024-01-09 14:08:15.756124,0.5810964107513428,0.280628502368927,0.33559557795524597,0.32968220114707947,0.5450748205184937,1.759921908378601,0.3306824862957001,0.3356130123138428
2024-01-09 14:08:15.809921,0.5815751552581787,0.2820216715335846,0.3337675929069519,0.3297170102596283,0.54511559009552,1.7425130605697632,0.33072054386138916,0.333834707736969
2024-01-09 14:08:15.878724,0.581736147403717,0.2820521891117096,0.33245790004730225,0.3297579884529114,0.5456659197807312,1.6778767108917236,0.33076098561286926,0.3327155113220215
2024-01-09 14:08:15.939601,0.5817803740501404,1.8238089084625244,0.33141618967056274,0.32976752519607544,0.545778751373291,1.671415090560913,0.33079761266708374,0.33131143450737
2024-01-09 14:08:15.993157,0.5817957520484924,1.7066422700881958,0.33058708906173706,0.32977110147476196,0.5458753108978271,1.6605379581451416,0.33080413937568665,0.33016109466552734
2024-01-09 14:08:16.058675,0.5817944407463074,1.657975435256958,0.3280712962150574,0.32976630330085754,0.5460367202758789,1.6519023180007935,0.33080706000328064,0.32627809047698975
2024-01-09 14:08:16.119381,0.5817628502845764,1.6141263246536255,0.3261388838291168,0.32975974678993225,0.5461025834083557,1.6502944231033325,0.3308044970035553,0.3248217701911926
2024-01-09 14:08:16.211886,0.5865839719772339,1.3276091814041138,0.32654646039009094,0.3303152620792389,0.5462279319763184,1.6643922328948975,0.33092886209487915,0.3260516822338104
2024-01-09 14:08:16.267737,0.5886507034301758,1.1791341304779053,0.3269024193286896,0.3308705985546112,0.5462341904640198,1.665217399597168,0.33122265338897705,0.32617607712745667
2024-01-09 14:08:16.336300,0.5925890207290649,1.1152220964431763,0.32729336619377136,0.3314332664012909,0.5462289452552795,1.6660505533218384,0.33194392919540405,0.3264695703983307
2024-01-09 14:08:16.416075,0.5951866507530212,0.989087700843811,0.327404648065567,0.33466652035713196,0.5462111830711365,1.6812609434127808,0.3325747847557068,0.32706719636917114
2024-01-09 14:08:16.476424,0.6040958762168884,0.9581049084663391,0.3274945318698883,0.337588906288147,0.5463594794273376,1.6839433908462524,0.3344409763813019,0.33276018500328064
2024-01-09 14:08:16.547803,0.6163221001625061,0.9149425625801086,0.3276931047439575,0.33923524618148804,0.5473052859306335,1.6997711658477783,0.3358679413795471,0.33762216567993164
2024-01-09 14:08:16.609879,0.6191324591636658,0.8837899565696716,0.3317437767982483,0.3432954251766205,0.5509422421455383,1.7141696214675903,0.34034162759780884,0.33995530009269714
2024-01-09 14:08:16.674188,0.6210599541664124,0.8622052669525146,0.33299389481544495,0.3451978862285614,0.5524398684501648,1.7315126657485962,0.34235677123069763,0.34207242727279663
2024-01-09 14:08:16.742743,0.6220380663871765,0.8576242923736572,0.3399899899959564,0.34701383113861084,0.555631697177887,1.746323585510254,0.3466992676258087,0.34347569942474365
2024-01-09 14:08:16.806209,0.6234112977981567,0.8502840995788574,0.3418905436992645,0.349822074174881,0.496624231338501,1.9300099611282349,0.3542925715446472,0.3557383120059967
2024-01-09 14:08:16.868776,0.6229868531227112,0.8455594778060913,0.3442062735557556,0.35295552015304565,0.49374645948410034,1.9733349084854126,0.35744908452033997,0.35922902822494507
2024-01-09 14:08:16.932576,0.624772310256958,0.8422204256057739,0.3493458330631256,0.3655478060245514,0.4899645745754242,inf,0.35998132824897766,0.3694790005683899
2024-01-09 14:08:16.995531,0.6248638033866882,0.8401318192481995,0.3526008129119873,0.36881497502326965,0.48723655939102173,inf,0.36362773180007935,0.37290310859680176
2024-01-09 14:08:17.071577,0.6311042904853821,0.8346572518348694,0.355873167514801,0.37163543701171875,0.48415687680244446,inf,0.36715322732925415,0.37524762749671936
2024-01-09 14:08:17.135975,0.6408157348632812,0.8340541124343872,0.3591463267803192,0.3754575252532959,0.4793824851512909,inf,0.37058916687965393,0.38012245297431946
2024-01-09 14:08:17.198102,0.6549825668334961,0.8335152864456177,0.3623182773590088,0.3817448616027832,0.4743326008319855,inf,0.3735724091529846,0.38467273116111755
2024-01-09 14:08:17.263311,0.7425833344459534,0.8335380554199219,0.36577901244163513,0.38572314381599426,0.4711821973323822,inf,0.37692955136299133,0.38962531089782715
2024-01-09 14:08:17.328356,0.7577418088912964,0.8336646556854248,0.3694579303264618,0.3892049491405487,0.468615859746933,inf,0.37867382168769836,0.39411985874176025
2024-01-09 14:08:17.400928,0.7767800688743591,0.8345993757247925,0.3881295919418335,0.4057869613170624,0.470832884311676,inf,0.38323014974594116,0.41704803705215454
2024-01-09 14:08:17.462971,0.7978050708770752,0.8353487253189087,0.3999071717262268,0.4150080978870392,0.46909865736961365,inf,0.39177852869033813,0.43301790952682495
2024-01-09 14:08:17.531240,0.8204607367515564,0.835679829120636,0.4386768639087677,0.4425559639930725,0.47141069173812866,inf,0.4075702726840973,0.4462466239929199
2024-01-09 14:08:17.605748,0.8574334979057312,0.8369147777557373,0.4568071961402893,0.4515332281589508,0.4718998968601227,inf,0.417148619890213,0.4516952335834503
2024-01-09 14:08:17.672259,1.3334019184112549,0.8370468020439148,0.47736650705337524,0.4616169035434723,0.47286900877952576,inf,0.42191436886787415,0.45567038655281067
2024-01-09 14:08:17.745785,1.5123385190963745,0.8370918035507202,0.4919043183326721,0.3604775369167328,0.47503188252449036,inf,0.43681779503822327,0.4619256854057312
2024-01-09 14:08:17.813417,1.6685192584991455,0.837110698223114,0.5014175176620483,0.3604140877723694,0.47776898741722107,inf,0.44408196210861206,0.4677087664604187
2024-01-09 14:08:17.874978,1.7379635572433472,0.8370938897132874,0.5037996768951416,0.3605464696884155,0.47917523980140686,inf,0.44958794116973877,0.4720038175582886
2024-01-09 14:08:17.934605,1.7917747497558594,0.8370416760444641,0.5080360174179077,0.3609256446361542,0.4799564480781555,inf,0.45273011922836304,0.47800925374031067
2024-01-09 14:08:18.005158,1.8551993370056152,0.8370437622070312,0.5142434239387512,0.3611535429954529,0.48667144775390625,inf,0.49310529232025146,0.4836549460887909
2024-01-09 14:08:18.068142,1.918472170829773,0.8370715379714966,0.5170820355415344,0.3614305853843689,0.4936860501766205,inf,0.49977749586105347,0.4873799681663513
2024-01-09 14:08:18.140344,inf,0.8408089280128479,0.5278206467628479,0.3619381785392761,0.5158050656318665,inf,0.5047730207443237,0.491933673620224
2024-01-09 14:08:18.207929,inf,0.8438692092895508,0.5300981998443604,0.36444833874702454,0.5264195799827576,inf,0.5093533992767334,0.4967166781425476
2024-01-09 14:08:18.274695,inf,0.8525734543800354,0.5341387391090393,0.5395097136497498,0.5345346331596375,inf,0.5121520161628723,0.5114251971244812
2024-01-09 14:08:18.334956,inf,0.8581976294517517,0.5357085466384888,0.5411326289176941,0.5438796877861023,inf,0.5152334570884705,0.5138871669769287
2024-01-09 14:08:18.405387,inf,0.8643977642059326,0.5379763245582581,0.5455614924430847,0.796798825263977,inf,0.5189656615257263,0.5201945304870605
2024-01-09 14:08:18.475789,inf,0.8729124665260315,0.5399149656295776,0.5482747554779053,0.8066986203193665,inf,0.5250068306922913,0.5227677226066589
2024-01-09 14:08:18.539738,inf,0.8891648650169373,0.5492550134658813,0.5495903491973877,0.8604797124862671,inf,0.528239369392395,0.5289337635040283
2024-01-09 14:08:18.602472,inf,0.9023770689964294,0.5515803098678589,0.5503842234611511,0.8722643852233887,inf,0.5297145247459412,0.533537745475769
2024-01-09 14:08:18.669398,inf,0.9282217025756836,0.5520713329315186,0.5516653060913086,0.8868964314460754,inf,0.5354021191596985,0.5400562882423401
2024-01-09 14:08:18.745225,inf,1.0126303434371948,0.5526496171951294,0.5528404712677002,0.9196452498435974,inf,0.5513392090797424,0.5417958498001099
2024-01-09 14:08:18.815057,inf,1.0482760667800903,0.5527966022491455,0.5527892708778381,0.9290050864219666,inf,0.5544644594192505,0.5480061173439026
2024-01-09 14:08:18.883017,inf,1.071155071258545,0.5527614951133728,0.5527274012565613,0.9416124224662781,inf,0.554360032081604,0.5494341254234314
2024-01-09 14:08:18.959033,inf,1.0935462713241577,0.5526831150054932,0.552635669708252,0.9451778531074524,inf,0.5542582869529724,0.5502691864967346
2024-01-09 14:08:19.025307,inf,1.1204355955123901,0.5523864030838013,0.5525274276733398,0.9539815783500671,inf,0.5541545748710632,0.5509974956512451
2024-01-09 14:08:19.098123,inf,1.1459131240844727,0.5518036484718323,0.5520849227905273,0.96476149559021,inf,0.5539243817329407,0.5512298941612244
2024-01-09 14:08:19.164963,inf,1.1789180040359497,0.5512222647666931,0.5519704222679138,0.9677435755729675,inf,0.5538190603256226,0.5511904954910278
2024-01-09 14:08:19.232248,inf,1.2067813873291016,0.5510916709899902,0.5517833232879639,0.9730692505836487,inf,0.5535984635353088,0.5510826706886292
2024-01-09 14:08:19.291546,inf,1.2400282621383667,0.5508736968040466,0.5517021417617798,0.9779420495033264,inf,0.553476870059967,0.5507797598838806
2024-01-09 14:08:19.364673,inf,1.2699192762374878,0.5507168173789978,0.5517083406448364,0.9850833415985107,inf,0.5533666014671326,0.5505889654159546
2024-01-09 14:08:19.437036,inf,1.3487712144851685,0.5507827997207642,0.551716685295105,0.9887971878051758,inf,0.5534191131591797,0.5498206615447998
2024-01-09 14:08:19.571549,inf,0.28047287464141846,0.5512298345565796,0.5519342422485352,0.9868776202201843,inf,0.5536062717437744,0.5494634509086609
2024-01-09 14:08:19.639029,inf,0.2807115912437439,0.5512343645095825,0.5519418120384216,0.9863870739936829,inf,0.5536065697669983,0.5495163798332214
2024-01-09 14:08:19.718525,inf,0.2781185209751129,0.5511939525604248,0.5519539713859558,0.9854429364204407,inf,0.5535911321640015,0.5496158003807068
2024-01-09 14:08:19.794204,inf,0.27785348892211914,0.5511751174926758,0.5519728660583496,0.9850209951400757,inf,0.5535702109336853,0.5496913194656372
2024-01-09 14:08:19.855691,inf,0.2777712941169739,0.5511759519577026,0.5519753694534302,0.9850476384162903,inf,0.553577721118927,0.5496951341629028
2024-01-09 14:08:19.920284,inf,0.2773582339286804,0.5511353611946106,0.5519475340843201,0.9850455522537231,inf,0.5535531044006348,0.5496838092803955
2024-01-09 14:08:19.994076,inf,0.2773686349391937,0.5511313080787659,0.5519409775733948,0.9852702021598816,inf,0.5535503625869751,0.5496700406074524
2024-01-09 14:08:20.064454,inf,0.27727776765823364,0.5511531233787537,0.5519295930862427,0.9855953454971313,inf,0.5535474419593811,0.5496521592140198
2024-01-09 14:08:20.135472,inf,0.2772427499294281,0.5511239767074585,0.5519241094589233,0.985700249671936,inf,0.5535305142402649,0.5496332049369812
2024-01-09 14:08:20.214897,inf,0.27720558643341064,0.5511260628700256,0.5519092082977295,0.9861714243888855,inf,0.5535271167755127,0.5496116876602173
2024-01-09 14:08:20.306893,inf,0.27722716331481934,0.5511417984962463,0.5518918037414551,0.9861501455307007,inf,0.5535443425178528,0.5495972037315369
2024-01-09 14:08:20.376842,inf,0.27722597122192383,0.5511534214019775,0.5518962144851685,0.986126720905304,inf,0.5535457730293274,0.5495864152908325
2024-01-09 14:08:20.465698,inf,0.2772039473056793,0.5511482357978821,0.5519039630889893,0.9858583211898804,inf,0.5535333156585693,0.5496198534965515
2024-01-09 14:08:20.529124,inf,0.27720263600349426,0.5511987209320068,0.5519123673439026,0.9858767986297607,inf,0.5535406470298767,0.5496230125427246
2024-01-09 14:08:20.600992,inf,0.2772047519683838,0.5512069463729858,0.5519089698791504,0.9858874082565308,inf,0.5535606145858765,0.5496587753295898
2024-01-09 14:08:20.667082,inf,0.2772056460380554,0.551203191280365,0.5519197583198547,0.9859375357627869,inf,0.5535584092140198,0.5496652722358704
2024-01-09 14:08:20.732156,inf,0.2772011160850525,0.5511874556541443,0.5519044995307922,0.98597651720047,inf,0.5535745620727539,0.5496654510498047
2024-01-09 14:08:20.805362,inf,0.2772010564804077,0.5511853694915771,0.5519074201583862,0.9860113263130188,inf,0.5535657405853271,0.5496367812156677
2024-01-09 14:08:20.888041,inf,0.27720704674720764,0.5511796474456787,0.551889955997467,0.9859902262687683,inf,0.5535657405853271,0.549638032913208
2024-01-09 14:08:20.957806,inf,0.2772088050842285,0.5511996746063232,0.5519046187400818,0.985962986946106,inf,0.553569495677948,0.549656093120575
2024-01-09 14:08:21.028997,inf,0.2772078216075897,0.5511929392814636,0.5518968105316162,0.9859386682510376,inf,0.5535538196563721,0.5496559143066406
2024-01-09 14:08:21.102295,inf,0.2772116959095001,0.5511991381645203,0.5518990755081177,0.9858822226524353,inf,0.5535515546798706,0.549656867980957
2024-01-09 14:08:21.181804,inf,0.27720901370048523,0.5511860847473145,0.551895797252655,0.9859313368797302,inf,0.5535536408424377,0.5496543049812317
2024-01-09 14:08:21.262597,inf,0.2772120237350464,0.5511876940727234,0.5518876314163208,0.9859199523925781,inf,0.5535333752632141,0.5496457815170288
2024-01-09 14:08:21.338766,inf,0.27720797061920166,0.5511991381645203,0.5518946647644043,0.98594069480896,inf,0.553551435470581,0.5496487021446228
2024-01-09 14:08:21.435569,inf,0.2772103250026703,0.5511980652809143,0.5518987774848938,0.9859087467193604,inf,0.5535463690757751,0.549654483795166
2024-01-09 14:08:21.510371,inf,0.27721136808395386,0.5512058138847351,0.5519015789031982,0.9859063625335693,inf,0.5535464882850647,0.5496569871902466
2024-01-09 14:08:21.603834,inf,0.27721428871154785,0.5511975288391113,0.5518995523452759,0.9859319925308228,inf,0.5535368919372559,0.5496680736541748
2024-01-09 14:08:21.673861,inf,0.2772102653980255,0.5512045621871948,0.5518982410430908,0.985967755317688,inf,0.5535459518432617,0.5496736168861389
2024-01-09 14:08:21.751495,inf,0.2772151827812195,0.5512151122093201,0.5518909692764282,0.9859189391136169,inf,0.5535374879837036,0.5496816635131836
2024-01-09 14:08:21.826448,inf,0.27721187472343445,0.5512216687202454,0.5518956184387207,0.9859426617622375,inf,0.5535424947738647,0.5496693253517151
2024-01-09 14:08:21.907553,inf,0.2772117555141449,0.5512252449989319,0.551898181438446,0.9859264492988586,inf,0.5535385608673096,0.5496906042098999
2024-01-09 14:08:21.979098,inf,0.2772109806537628,0.5512322783470154,0.5519017577171326,0.9859306812286377,inf,0.5535457730293274,0.5496947169303894
2024-01-09 14:08:22.047428,inf,0.2772127091884613,0.5512323379516602,0.5519027709960938,0.9859538078308105,inf,0.5535465478897095,0.5496914386749268
2024-01-09 14:08:22.130256,inf,0.27721309661865234,0.5512375831604004,0.5518978834152222,0.9859318137168884,inf,0.5535411238670349,0.549697995185852
2024-01-09 14:08:22.198529,inf,0.2772133946418762,0.5512433648109436,0.5519068241119385,0.9859448671340942,inf,0.5535444021224976,0.5496981739997864
2024-01-09 14:08:22.265683,inf,0.2772120237350464,0.5512503385543823,0.5519064664840698,0.9859809279441833,inf,0.5535421371459961,0.5497134923934937
